{
  "Evaluated_pairs": 286,
  "Valid_pairs": 286,
  "Invalid_pairs": 0,
  "MRE_deg": 31.42057970133965,
  "median_RE_deg": 9.80447333161141,
  "R_acc_5": 0.21328671328671328,
  "R_acc_15": 0.6223776223776224,
  "R_acc_30": 0.7412587412587412,
  "AUC30": 0.525614570209057,
  "AUC30_rot": 0.525614570209057
}
