{
  "Evaluated_pairs": 286,
  "MRE_deg": 16.67414132083268,
  "median_RE_deg": 5.518468650373964,
  "R_acc_5": 0.46503496503496505,
  "R_acc_15": 0.8391608391608392,
  "R_acc_30": 0.9020979020979021,
  "MTE_deg": NaN,
  "median_TE_deg": NaN,
  "t_acc_5": NaN,
  "t_acc_15": NaN,
  "t_acc_30": NaN,
  "AUC30": NaN,
  "AUC30_rot": 0.713978030187703,
  "AUC30_trans": NaN
}