{
  "Evaluated_pairs": 242,
  "MRE_deg": 18.74174790727938,
  "median_RE_deg": 5.310447111612043,
  "R_acc_5": 0.45867768595041325,
  "R_acc_15": 0.8264462809917356,
  "R_acc_30": 0.8842975206611571,
  "MTE_deg": NaN,
  "median_TE_deg": NaN,
  "t_acc_5": NaN,
  "t_acc_15": NaN,
  "t_acc_30": NaN,
  "AUC30": NaN,
  "AUC30_rot": 0.6971982171327828,
  "AUC30_trans": NaN
}