{
  "Evaluated_pairs": 286,
  "MRE_deg": 16.40277639342472,
  "median_RE_deg": 4.461696647943986,
  "R_acc_5": 0.5524475524475524,
  "R_acc_15": 0.8496503496503497,
  "R_acc_30": 0.8566433566433567,
  "MTE_deg": 57.987265492270545,
  "median_TE_deg": 51.22605710368867,
  "t_acc_5": 0.011494252873563218,
  "t_acc_15": 0.10344827586206896,
  "t_acc_30": 0.3103448275862069,
  "AUC30": 0.1271783463107156,
  "AUC30_rot": 0.7148657793819085,
  "AUC30_trans": 0.1271783463107156
}
