{
  "Evaluated_pairs": 87,
  "MRE_deg": 30.59367577567103,
  "median_RE_deg": 5.634904597008012,
  "R_acc_5": 0.4367816091954023,
  "R_acc_15": 0.6896551724137931,
  "R_acc_30": 0.7241379310344828,
  "MTE_deg": 56.82436519201436,
  "median_TE_deg": 49.9394041840903,
  "t_acc_5": 0.011494252873563218,
  "t_acc_15": 0.11494252873563218,
  "t_acc_30": 0.2988505747126437,
  "AUC30": 0.12680756395995552,
  "AUC30_rot": 0.5917686318131257,
  "AUC30_trans": 0.12680756395995552
}
