{
  "Evaluated_pairs": 286,
  "MRE_deg": 12.307189325245378,
  "median_RE_deg": 3.6317159327476327,
  "R_acc_5": 0.6643356643356644,
  "R_acc_15": 0.9090909090909091,
  "R_acc_30": 0.9195804195804196,
  "MTE_deg": 44.00996939463137,
  "median_TE_deg": 43.52702808208112,
  "t_acc_5": 0.022988505747126436,
  "t_acc_15": 0.12643678160919541,
  "t_acc_30": 0.2988505747126437,
  "AUC30": 0.13533555802743788,
  "AUC30_rot": 0.7805098127678775,
  "AUC30_trans": 0.13533555802743788
}
