{
  "Evaluated_pairs": 286,
  "MRE_deg": 12.319183263653075,
  "median_RE_deg": 4.296300747771867,
  "R_acc_5": 0.5944055944055944,
  "R_acc_15": 0.8986013986013986,
  "R_acc_30": 0.9265734265734266,
  "MTE_deg": 50.31881370614175,
  "median_TE_deg": 50.40853004442629,
  "t_acc_5": 0.0,
  "t_acc_15": 0.06896551724137931,
  "t_acc_30": 0.21839080459770116,
  "AUC30": 0.0771227289581016,
  "AUC30_rot": 0.7615610196255358,
  "AUC30_trans": 0.0771227289581016
}
