{
  "Evaluated_pairs": 87,
  "MRE_deg": 24.1156287365417,
  "median_RE_deg": 3.782671724825948,
  "R_acc_5": 0.6551724137931034,
  "R_acc_15": 0.8045977011494253,
  "R_acc_30": 0.8275862068965517,
  "MTE_deg": 50.2938775773873,
  "median_TE_deg": 50.330491039057925,
  "t_acc_5": 0.0,
  "t_acc_15": 0.06896551724137931,
  "t_acc_30": 0.20689655172413793,
  "AUC30": 0.0771227289581016,
  "AUC30_rot": 0.7089358546533184,
  "AUC30_trans": 0.0771227289581016
}
